id,last_run,date,key_id,operation,tags,value,count,hash
5992,0,2026-04-29,pup_admin,total_v1_v2_calls_using_since_param_percent,,0,1,83c4326b5a5e999d73d5522002052c30f197c17e
6011,0,2026-04-29,pup_admin,total_developer_with_registered_app_count,,0,1,8eed6197fc8b4983c07bc4421897f48e84a6a30a
6012,0,2026-04-29,pup_admin,total_developer_with_first_api_call_count,,0,1,ec48c22c16b270448d65699a909eb9bd82d6af67
6013,0,2026-04-29,pup_admin,sdk_requests_node_count,,0,1,578289bd5bf001cba16e6ad8e057631fcf413b9e
6014,0,2026-04-29,pup_admin,sdk_requests_python_count,,0,1,5530ff30d468366a0de45dab442f17dbbc21ea9a
6015,0,2026-04-29,pup_admin,auth_demoscope_required_choice_not_sharing_real_bene_count,,0,1,c7477d017dfdc25a15400d544d77c545168f4951
6016,0,2026-04-29,pup_admin,auth_demoscope_required_choice_sharing_real_bene_count,,0,1,3fc0d2e7fdf333aba5239f58a7e8234eec206317
6017,0,2026-04-29,pup_admin,auth_v1_v2_user_makes_it_to_permission_screen_but_does_not_click_connect,,0,1,a5b4efd0e2920dfb6f2aa09de520283bf84ca828
6018,0,2026-04-29,pup_admin,auth_v1_v2_user_makes_it_to_permission_screen_and_clicks_connect,,0,1,bcae20ba967f0033abdebfb7a743b982e1469a9c
6019,0,2026-04-29,pup_admin,auth_v3_user_makes_it_to_permission_screen_but_does_not_click_connect,,0,1,0091c1047eec28eda6ca2d1855a456d1eff35f50
6020,0,2026-04-29,pup_admin,auth_v3_user_makes_it_to_permission_screen_and_clicks_connect,,0,1,b94d661150e789a401eb310ca3869188f7053b84
6021,0,2026-04-29,pup_admin,app_active_registered,,0,1,4b276288377dc79abdb45b1b0f814728deb834cc
6025,0,2026-04-29,pup_admin,total_type,,global_state_metrics,1,06ff8f9cdcd2ef5f0beb92297e0c5194d191baac
6026,0,2026-04-29,pup_admin,total_group_timestamp,,2026-05-05T08:23:55,1,d06f0536dcf99e3b4ae10cc40607813efca344ee
6027,0,2026-04-29,pup_admin,total_real_bene_cnt,,0,1,a864c43c0819e72b082a77852c085b4dcab526ed
6028,0,2026-04-29,pup_admin,total_synth_bene_cnt,,22,1,d1360527b5e78710528152efcc99c25fc3f849fe
6029,0,2026-04-29,pup_admin,total_crosswalk_real_bene_count,,0,1,a5853549b5c3b011056344df81d9bfb2f1d59b73
6030,0,2026-04-29,pup_admin,total_crosswalk_synthetic_bene_count,,22,1,847f44ecb6d1695ef91b8e0afc8cbedc8757ed2d
6031,0,2026-04-29,pup_admin,total_crosswalk_table_count,,22,1,31673f80048acbcde3b0338b1ba7dbc8507259bc
6032,0,2026-04-29,pup_admin,total_crosswalk_archived_table_count,,0,1,e8a47fba54c3838da1900ecc563641ec0d3c3d90
6033,0,2026-04-29,pup_admin,total_grant_real_bene_count,,0,1,e70374b21dc9eddf0c2cd86b87d286426b4a97b2
6034,0,2026-04-29,pup_admin,total_grant_synthetic_bene_count,,21,1,40a2364d8698aa20980d0d0b0b6206684a504d1a
6035,0,2026-04-29,pup_admin,total_grant_table_count,,22,1,46739c33ffe7221c6f145cace9310893842de376
6036,0,2026-04-29,pup_admin,total_grant_archived_table_count,,5,1,cda016194a969239febbf5551c1f31d73adf61ca
6037,0,2026-04-29,pup_admin,total_grant_real_bene_deduped_count,,0,1,a8785a1f659ff7eeb1f56168e2480300ab29b15a
6038,0,2026-04-29,pup_admin,total_grant_synthetic_bene_deduped_count,,17,1,d16de7e0c76dfeb393ce2bdcca9e727cd72803c1
6039,0,2026-04-29,pup_admin,total_grantarchived_real_bene_deduped_count,,0,1,a4ea8c5b99d5f7a87c9f0f0fa03d8ad1e92b6343
6040,0,2026-04-29,pup_admin,total_grantarchived_synthetic_bene_deduped_count,,2,1,f81d8350699fc42d9f2de857a7da0eb03c3359eb
6041,0,2026-04-29,pup_admin,total_grant_and_archived_real_bene_deduped_count,,0,1,d833061ff18326ef82507e04e24357ce2340a92e
6042,0,2026-04-29,pup_admin,total_grant_and_archived_synthetic_bene_deduped_count,,17,1,1dc6b019df498a21f08ce57945d0541eabff6a6b
6043,0,2026-04-29,pup_admin,total_token_real_bene_deduped_count,,0,1,f2c57667bba8961674269f937f265590747d10bf
6044,0,2026-04-29,pup_admin,total_token_synthetic_bene_deduped_count,,17,1,0d580ff5216e17bf264574b7a1cf09ce6beaabb2
6045,0,2026-04-29,pup_admin,total_token_table_count,,38,1,02822d512d0b5ff27b9ed94313979b514fba09dd
6046,0,2026-04-29,pup_admin,total_token_archived_table_count,,30,1,ce590f18972519d9939643c9d22f30f444e1db09
6047,0,2026-04-29,pup_admin,total_token_real_bene_app_pair_deduped_count,,0,1,8527d07fd21d96671c6294fefd3b4662636fd7f8
6048,0,2026-04-29,pup_admin,total_token_synthetic_bene_app_pair_deduped_count,,21,1,8522182f0283823b97a60579f6d0abc3899e09da
6049,0,2026-04-29,pup_admin,total_global_apps_active_cnt,,3,1,12a4815f74b2241c44db05cfda5582434fdc6ed2
6050,0,2026-04-29,pup_admin,total_global_apps_inactive_cnt,,0,1,6ac2f436a698fc87e1d97ceaafe58874d44efd00
6051,0,2026-04-29,pup_admin,total_global_apps_require_demographic_scopes_cnt,,2,1,91f52c73c469b6c8ae0cafbc64c3d2a6d729363a
6052,0,2026-04-29,pup_admin,total_global_developer_count,,0,1,74fedd4662d3129baa3eb22f499939c6537425ee
6053,0,2026-04-29,pup_admin,total_global_developer_with_registered_app_count,,0,1,dfa07ea4d57ea05540c6e490d7921cd7f64cd0ee
6054,0,2026-04-29,pup_admin,total_global_developer_with_first_api_call_count,,0,1,999d95ef11b3a511ac96fffad9480c4c7c14ad12
6055,0,2026-04-29,pup_admin,total_global_developer_distinct_organization_name_count,,0,1,dde0cb968b004331a51559d7a200ce82e5a680bf
6056,0,2026-04-29,pup_admin,total_global_beneficiary_count,,21,1,d73e1c2c84bd2af1a3a15d4634d3b91724ebdee2
6057,0,2026-04-29,pup_admin,total_global_beneficiary_real_count,,0,1,e89acd46d002282b87f8c86072d77e128f7656c6
6058,0,2026-04-29,pup_admin,total_global_beneficiary_synthetic_count,,21,1,ff9de4e615bede7785987c50ef08f0b7c2bc2591
6059,0,2026-04-29,pup_admin,total_global_beneficiary_grant_count,,17,1,fea852627a2adc98252ebb6385973e46427e9a58
6060,0,2026-04-29,pup_admin,total_global_beneficiary_real_grant_count,,0,1,2c29084fefe1ce600f2ad0efca14ca3ad66d4711
6061,0,2026-04-29,pup_admin,total_global_beneficiary_synthetic_grant_count,,17,1,2b37cfbee05245eb283dec8a5a52747f09bc0baa
6062,0,2026-04-29,pup_admin,total_global_beneficiary_grant_archived_count,,2,1,b31be3b95cf1d89679c4179ec38b7bed8f2f85b1
6063,0,2026-04-29,pup_admin,total_global_beneficiary_real_grant_archived_count,,0,1,c87c6012e1519f7954ee89681d76aa28c513603b
6064,0,2026-04-29,pup_admin,total_global_beneficiary_synthetic_grant_archived_count,,2,1,f96fd1e8b65dc7b229386bff109cae5569a61e49
6065,0,2026-04-29,pup_admin,total_global_beneficiary_grant_or_archived_count,,17,1,39666a6d57ed55ab945d65e45914890772b89ac1
6066,0,2026-04-29,pup_admin,total_global_beneficiary_real_grant_or_archived_count,,0,1,c661fa5c6a604d88f1b89ff64e876cbc6d53310f
6067,0,2026-04-29,pup_admin,total_global_beneficiary_synthetic_grant_or_archived_count,,17,1,29a79b8f14f65922d8a049fdae940c8520e66d92
6068,0,2026-04-29,pup_admin,total_global_beneficiary_grant_and_archived_count,,2,1,2a7407af91512a0b9c41a01f04ccc3b0f23bb92a
6069,0,2026-04-29,pup_admin,total_global_beneficiary_real_grant_and_archived_count,,0,1,2fe3c7cc8616cb02c1bc93143df078b5247bd745
6070,0,2026-04-29,pup_admin,total_global_beneficiary_synthetic_grant_and_archived_count,,2,1,4dc36b19ea1c5bde33caf0c561badc7d28fb5e89
6071,0,2026-04-29,pup_admin,total_global_beneficiary_grant_not_archived_count,,15,1,207e363b70aada23fd38e00615db148272616564
6072,0,2026-04-29,pup_admin,total_global_beneficiary_real_grant_not_archived_count,,0,1,b84de4c8bdb49d6d305828e633b6138a17bc1b72
6073,0,2026-04-29,pup_admin,total_global_beneficiary_synthetic_grant_not_archived_count,,15,1,f68fcf4081704ab0db900e3a3758b3a171b0b1cc
6074,0,2026-04-29,pup_admin,total_global_beneficiary_archived_not_grant_count,,0,1,55bc90a29f9377de8eff17b80d3ac3f2cd0b8610
6075,0,2026-04-29,pup_admin,total_global_beneficiary_real_archived_not_grant_count,,0,1,f4d1c49514a9f9353f1d3932efa91b21d434efc5
6076,0,2026-04-29,pup_admin,total_global_beneficiary_synthetic_archived_not_grant_count,,0,1,96e06989cfe6cc268dc6b05017448241e02beb7e
6077,0,2026-04-29,pup_admin,total_global_beneficiary_real_grant_to_apps_eq_1_count,,0,1,63bcc5a721f28ad9e90a979fb23431a519df549c
6078,0,2026-04-29,pup_admin,total_global_beneficiary_synthetic_grant_to_apps_eq_1_count,,13,1,ec5e843741a1855821254363628b178a5a3ab32f
6079,0,2026-04-29,pup_admin,total_global_beneficiary_real_grant_to_apps_eq_2_count,,0,1,1445c05a14454646793eaddb2e762fb47994c475
6080,0,2026-04-29,pup_admin,total_global_beneficiary_synthetic_grant_to_apps_eq_2_count,,4,1,59e07ae0ffff7a8dfda2b27fff75f4928a266c98
6081,0,2026-04-29,pup_admin,total_global_beneficiary_real_grant_to_apps_eq_3_count,,0,1,a523d635bcfd74373baac790de804afc6d6cb726
6082,0,2026-04-29,pup_admin,total_global_beneficiary_synthetic_grant_to_apps_eq_3_count,,0,1,698b812a7b989e80691cf4cfb0d25e30e83acabb
6083,0,2026-04-29,pup_admin,total_global_beneficiary_real_grant_to_apps_eq_4thru5_count,,0,1,616d6c75f048addc83bc065e1fbbdfc99992642f
6084,0,2026-04-29,pup_admin,total_global_beneficiary_synthetic_grant_to_apps_eq_4thru5_count,,0,1,44430675a7f82d507522d138fc3a0d7c416005e2
6085,0,2026-04-29,pup_admin,total_global_beneficiary_real_grant_to_apps_eq_6thru8_count,,0,1,f642346f3d25e32a8f05a59706d65865b9536d67
6086,0,2026-04-29,pup_admin,total_global_beneficiary_synthetic_grant_to_apps_eq_6thru8_count,,0,1,f167b01bbec36db2e33699c77884f09b4c39dbd6
6087,0,2026-04-29,pup_admin,total_global_beneficiary_real_grant_to_apps_eq_9thru13_count,,0,1,7cecf8fa4a235d2c02d39eab9be90da08018fb0d
6088,0,2026-04-29,pup_admin,total_global_beneficiary_synthetic_grant_to_apps_eq_9thru13_count,,0,1,7ef6d69935eee0098d76496b70727d862786e51c
6089,0,2026-04-29,pup_admin,total_global_beneficiary_real_grant_to_apps_gt_13_count,,0,1,b246288484789619b5bcd978e8a47ca132f4939e
6090,0,2026-04-29,pup_admin,total_global_beneficiary_synthetic_grant_to_apps_gt_13_count,,0,1,1748a66cf3fb6d369095dd85c68ca20b803c1105
6091,0,2026-04-29,pup_admin,total_global_beneficiary_real_grant_archived_to_apps_eq_1_count,,0,1,fed849ec62c7502dbb1bab2bc22d7a6fe4b49bb0
6092,0,2026-04-29,pup_admin,total_global_beneficiary_synthetic_grant_archived_to_apps_eq_1_count,,2,1,f172a21aa1ddbf5ac5cb802022cac08e96dae915
6093,0,2026-04-29,pup_admin,total_global_beneficiary_real_grant_archived_to_apps_eq_2_count,,0,1,1fd5b90bde71777e5ab0255c454126cd2d9a6a68
6094,0,2026-04-29,pup_admin,total_global_beneficiary_synthetic_grant_archived_to_apps_eq_2_count,,0,1,65e797653c3b4785fe7717c65e016bf93911fe7b
6095,0,2026-04-29,pup_admin,total_global_beneficiary_real_grant_archived_to_apps_eq_3_count,,0,1,6a39d0f1cdb3b91a8d592bc48d214959300550ab
6096,0,2026-04-29,pup_admin,total_global_beneficiary_synthetic_grant_archived_to_apps_eq_3_count,,0,1,f77d8a97ce0cec5371f24a451fdae2f891dfef90
6097,0,2026-04-29,pup_admin,total_global_beneficiary_real_grant_archived_to_apps_eq_4thru5_count,,0,1,bf708f72835efaa58a4d70e4ef5844836347d047
6098,0,2026-04-29,pup_admin,total_global_beneficiary_synthetic_grant_archived_to_apps_eq_4thru5_count,,0,1,36710eeecf8d0c9987f1ea379c0ada2728846c23
6099,0,2026-04-29,pup_admin,total_global_beneficiary_real_grant_archived_to_apps_eq_6thru8_count,,0,1,a936f26fb448c3639f9de77329a4b498e0926b53
6100,0,2026-04-29,pup_admin,total_global_beneficiary_synthetic_grant_archived_to_apps_eq_6thru8_count,,0,1,a86c138e16852c85482e476d401cf577c1271944
6101,0,2026-04-29,pup_admin,total_global_beneficiary_real_grant_archived_to_apps_eq_9thru13_count,,0,1,408b4bcc58369806a7d36837d9ec304d7c59fa78
6102,0,2026-04-29,pup_admin,total_global_beneficiary_synthetic_grant_archived_to_apps_eq_9thru13_count,,0,1,1a4fa0da05134b6165695a9a2aa5f7fc833306d6
6103,0,2026-04-29,pup_admin,total_global_beneficiary_real_grant_archived_to_apps_gt_13_count,,0,1,6c8e3638368df42084ac6b820d9843f8578985e1
6104,0,2026-04-29,pup_admin,total_global_beneficiary_synthetic_grant_archived_to_apps_gt_13_count,,0,1,d4eeb7b4295b5e81856db777d7ef96d1d3849e8a
6105,0,2026-04-29,pup_admin,total_global_beneficiary_app_pair_grant_count,,22,1,cb4fa95b855a9971fa21a3c7718d984e2ff0dc43
6106,0,2026-04-29,pup_admin,total_global_beneficiary_app_pair_real_grant_count,,0,1,9947975297129a4baaabe4bfc1630a6a2953806f
6107,0,2026-04-29,pup_admin,total_global_beneficiary_app_pair_synthetic_grant_count,,21,1,4fbf3510c6ecafeb11eda4c60d47f51019884fb1
6108,0,2026-04-29,pup_admin,total_global_beneficiary_app_pair_grant_archived_count,,5,1,a57bf138c9544b92a6b2e4f94503d5f9aa07b8ed
6109,0,2026-04-29,pup_admin,total_global_beneficiary_app_pair_real_grant_archived_count,,0,1,c0a145a6c323c1ce10f1babbcb8f5b674a6e157a
6110,0,2026-04-29,pup_admin,total_global_beneficiary_app_pair_synthetic_grant_archived_count,,5,1,f23c39476d750715321c51b934127ff86eabbfd6
6111,0,2026-04-29,pup_admin,total_global_beneficiary_app_pair_grant_vs_archived_difference_total_count,,20,1,7087cdb76cc1a3d0e761d9f8ccd645f23e956ada
6112,0,2026-04-29,pup_admin,total_global_beneficiary_app_pair_real_grant_vs_archived_difference_total_count,,0,1,92cda862501e9c5af8cc33a1dffb8a8f33272024
6113,0,2026-04-29,pup_admin,total_global_beneficiary_app_pair_synthetic_grant_vs_archived_difference_total_count,,19,1,eacb73d612fcfd51d1dc420ac90bdc9e35bbdcbd
6114,0,2026-04-29,pup_admin,total_global_beneficiary_app_pair_archived_vs_grant_difference_total_count,,0,1,0d5ae54d8c5c354fa87ee6e40081ccc31075d7e4
6115,0,2026-04-29,pup_admin,total_global_beneficiary_app_pair_real_archived_vs_grant_difference_total_count,,0,1,b6afa8158bc8dcf7bfc6665dfb1e6005eccf1c7b
6116,0,2026-04-29,pup_admin,total_global_beneficiary_app_pair_synthetic_archived_vs_grant_difference_total_count,,0,1,448e2c07e4be578cbbc62eae312fd5839029a813
6117,0,2026-04-29,pup_admin,app_fhir_v1_call_real_count,2.local postman,0,1,4531fe0a56f72706c4bd90600307a99e93b5d22d
6119,0,2026-04-29,pup_admin,app_fhir_v1_eob_call_real_count,2.local postman,0,1,28485e7f0ab49fd861a1cf2c94dfc52dc08f4713
6121,0,2026-04-29,pup_admin,app_fhir_v1_coverage_call_real_count,2.local postman,0,1,68ce8c1a66fc58856d0391d2eb27fac28588bc84
6123,0,2026-04-29,pup_admin,app_fhir_v1_patient_call_real_count,2.local postman,0,1,8f1f67c52aa5745f7d2838a5e2ff5f0744bb7471
6125,0,2026-04-29,pup_admin,app_fhir_v1_metadata_call_count,2.local postman,0,1,590fdb10afe318274628911dfb3bcf151f20d545
6126,0,2026-04-29,pup_admin,app_fhir_v1_eob_since_call_real_count,2.local postman,0,1,c4b41a0a4eec0b21dd60d395edc70f958d1d2c36
6127,0,2026-04-29,pup_admin,app_fhir_v1_eob_since_call_synthetic_count,2.local postman,0,1,23a258787f7bd8b6201033f639c1317149d64efa
6128,0,2026-04-29,pup_admin,app_fhir_v1_coverage_since_call_real_count,2.local postman,0,1,def388d766655b3f1111f4e8ab175216b0259443
6129,0,2026-04-29,pup_admin,app_fhir_v1_coverage_since_call_synthetic_count,2.local postman,0,1,52e7a9aeeb50baecc602956797d3c4bec20da095
6130,0,2026-04-29,pup_admin,app_fhir_v2_call_real_count,2.local postman,0,1,11f3634e6701d3e7d3334cec5b8a4735d9c27ff9
6132,0,2026-04-29,pup_admin,app_fhir_v2_eob_call_real_count,2.local postman,0,1,d2c18cdc3a9e5f4cf1a72794cd0f4c1a1a3eb026
6134,0,2026-04-29,pup_admin,app_fhir_v2_coverage_call_real_count,2.local postman,0,1,b241987167232328c1b853e96890482d9c970d51
6136,0,2026-04-29,pup_admin,app_fhir_v2_patient_call_real_count,2.local postman,0,1,15eb8697a76eb0fbabade36c9f5f92697ae2ebd7
6138,0,2026-04-29,pup_admin,app_fhir_v2_metadata_call_count,2.local postman,0,1,0cf3c2549dabb0c6a31b46f18b33543ba05f0b74
6139,0,2026-04-29,pup_admin,app_fhir_v2_eob_since_call_real_count,2.local postman,0,1,a465fe8cbec834a2a478235f6a6ed7873ffbbc0e
6140,0,2026-04-29,pup_admin,app_fhir_v2_eob_since_call_synthetic_count,2.local postman,0,1,2c9184b63e12d7d04429f871795f42bdccd36064
6141,0,2026-04-29,pup_admin,app_fhir_v2_coverage_since_call_real_count,2.local postman,0,1,99d810db1bc2911c83e1722da79b06f86dd22b89
6142,0,2026-04-29,pup_admin,app_fhir_v2_coverage_since_call_synthetic_count,2.local postman,0,1,544cfe89a63ef1024e8eacf962bc72221f7907a2
6143,0,2026-04-29,pup_admin,app_fhir_v3_call_real_count,2.local postman,0,1,7d413efeb8cc0142077e79992a2b73810c17b8b1
6145,0,2026-04-29,pup_admin,app_fhir_v3_eob_call_real_count,2.local postman,0,1,373d240ca9221ee5b54a54ef606a47c310ef57bb
6147,0,2026-04-29,pup_admin,app_fhir_v3_coverage_call_real_count,2.local postman,0,1,a8c0f73db90263d4fc3733650528425424759c8e
6149,0,2026-04-29,pup_admin,app_fhir_v3_patient_call_real_count,2.local postman,0,1,7ce6971d35a300b08fdf45a338253db3dda08aa5
6151,0,2026-04-29,pup_admin,app_fhir_v3_metadata_call_count,2.local postman,0,1,857029ca5212249c467010f4df0c4841453ba478
6152,0,2026-04-29,pup_admin,app_fhir_v3_eob_since_call_real_count,2.local postman,0,1,a828bc4e431acd18a59413d8630b1c8a27f4214e
6153,0,2026-04-29,pup_admin,app_fhir_v3_eob_since_call_synthetic_count,2.local postman,0,1,34e87a821a1d0e380784b499dba37c89031ba4f4
6154,0,2026-04-29,pup_admin,app_fhir_v3_coverage_since_call_real_count,2.local postman,0,1,eb131bb02a86833a252eabb36b7e0dd2f98c9454
6155,0,2026-04-29,pup_admin,app_fhir_v3_coverage_since_call_synthetic_count,2.local postman,0,1,29b5582b21649e6cc7fde38972099c206a1d9cd7
6156,0,2026-04-29,pup_admin,app_fhir_v3_generate_insurance_card_call_real_count,2.local postman,0,1,2dd7b5e4cde0a7061b4b7d09af49aef1e78d3564
6157,0,2026-04-29,pup_admin,app_fhir_v3_generate_insurance_card_call_synthetic_count,2.local postman,0,1,2c86dc82164e5b2356e4d05530002fd38f209fdc
6158,0,2026-04-29,pup_admin,app_auth_ok_real_bene_count,2.local postman,0,1,b7b2cac133f76a7eb3aefc437999646bd8010df5
6160,0,2026-04-29,pup_admin,app_auth_fail_or_deny_real_bene_count,2.local postman,0,1,c3652d8183b7b73b20565e7888a7315069cca407
6161,0,2026-04-29,pup_admin,app_auth_fail_or_deny_synthetic_bene_count,2.local postman,0,1,cefd8e5d86f0b4c8ea10e9a51cec9acae3afa956
6162,0,2026-04-29,pup_admin,app_auth_demoscope_required_choice_sharing_real_bene_count,2.local postman,0,1,af471bb898b98675c22c37041c23918361827b2f
6164,0,2026-04-29,pup_admin,app_auth_demoscope_required_choice_not_sharing_real_bene_count,2.local postman,0,1,785c967c0509e8961caf5ae4d04e3ae3716f5e09
6165,0,2026-04-29,pup_admin,app_auth_demoscope_required_choice_not_sharing_synthetic_bene_count,2.local postman,0,1,8275dce39b30f63e959e606d244acbaf62fe52bd
6166,0,2026-04-29,pup_admin,app_auth_demoscope_required_choice_deny_real_bene_count,2.local postman,0,1,d9cdddc47e60a7cd33958d736ba95862346ea324
6167,0,2026-04-29,pup_admin,app_auth_demoscope_required_choice_deny_synthetic_bene_count,2.local postman,0,1,48dc69715ed4de2285889e5d3f443191f56491f1
6168,0,2026-04-29,pup_admin,app_auth_demoscope_not_required_not_sharing_real_bene_count,2.local postman,0,1,f0e10c762507ffffc1d2e0e4923b4ee9880b363a
6169,0,2026-04-29,pup_admin,app_auth_demoscope_not_required_not_sharing_synthetic_bene_count,2.local postman,0,1,9e05338dc281b51257f6d06a8b2c262692a9f16d
6170,0,2026-04-29,pup_admin,app_auth_demoscope_not_required_deny_real_bene_count,2.local postman,0,1,a111f0ee617ffadf088b7425d4a304807dedda5c
6171,0,2026-04-29,pup_admin,app_auth_demoscope_not_required_deny_synthetic_bene_count,2.local postman,0,1,0ff43d0c1ba47bac0e2eb0b3a5f053516135db9d
6172,0,2026-04-29,pup_admin,app_token_refresh_for_real_bene_count,2.local postman,0,1,8b3cb67e263f7d659c238d88da5eba00d4bf396a
6173,0,2026-04-29,pup_admin,app_token_refresh_for_synthetic_bene_count,2.local postman,0,1,8f8ef5a9f0a2390836c40f7c053dc966a9fd34c1
6174,0,2026-04-29,pup_admin,app_token_authorization_code_for_real_bene_count,2.local postman,0,1,b41d624af201da2510f5512c4b1960417a604519
6177,0,2026-04-29,pup_admin,app_token_refresh_response_4xx_count,2.local postman,0,1,44c49512a939740f4c84bcce1ad54a0cbd69e2ab
6178,0,2026-04-29,pup_admin,app_token_refresh_response_5xx_count,2.local postman,0,1,9b189b1426657604247017f4353aebd691340597
6180,0,2026-04-29,pup_admin,app_token_authorization_code_4xx_count,2.local postman,0,1,d6e234018c78f9f58459794e3f007f491d0abe4f
6181,0,2026-04-29,pup_admin,app_token_authorization_code_5xx_count,2.local postman,0,1,31e4586b68704ce7f29149bc4e566447e5ca840a
6184,0,2026-04-29,pup_admin,app_medicare_login_redirect_fail_count,2.local postman,0,1,2e1a9b629abe7ed01dd4d9e3dc7c2af3149585da
6186,0,2026-04-29,pup_admin,app_authentication_start_fail_count,2.local postman,0,1,48b4e774765f6bba48ad15100b2cf70ad16efed9
6187,0,2026-04-29,pup_admin,app_authentication_matched_new_bene_real_count,2.local postman,0,1,946b04624115647ebc91a12b37fbaf81a16ae4ba
6189,0,2026-04-29,pup_admin,app_authentication_matched_returning_bene_real_count,2.local postman,0,1,d3b613424e6da9c7508804beb096003fc19095f2
6190,0,2026-04-29,pup_admin,app_authentication_matched_returning_bene_synthetic_count,2.local postman,0,1,bfc480783dbbcff330573e48a53179711376f630
6191,0,2026-04-29,pup_admin,app_sls_callback_ok_real_count,2.local postman,0,1,ec65befa298f0cfa68faafe9c054eb1ba4a5b9da
6193,0,2026-04-29,pup_admin,app_sls_callback_fail_count,2.local postman,0,1,c5e47460812a51c1b8ba2d3c1b634f8ea5e55951
6194,0,2026-04-29,pup_admin,app_approval_view_get_ok_real_count,2.local postman,0,1,b595352a0c983c6cd05e0933d1e13202cc98440d
6196,0,2026-04-29,pup_admin,app_approval_view_get_fail_count,2.local postman,0,1,5962b969a0800c26e5812db59bd7cca51867d283
6197,0,2026-04-29,pup_admin,app_approval_view_post_ok_real_count,2.local postman,0,1,269571ed8e44f140e17be006b6c3f150da56b27c
6199,0,2026-04-29,pup_admin,app_approval_view_post_fail_count,2.local postman,0,1,ecbacc88ff07479845c77c30386b9f52d91d4318
6200,0,2026-04-29,pup_admin,app_sdk_requests_python_count,2.local postman,0,1,32647b898f2e9e1fc758177cbbb4a8e9aec0066d
6201,0,2026-04-29,pup_admin,app_sdk_requests_node_count,2.local postman,0,1,0976b8f6b510021cb5663ea300fd3cb1c8e5648f
6202,0,2026-04-29,pup_admin,app_access_grant_enabled,2.local postman,0,1,4446646c33705b5d7c70520e2460cde2e75ba8b2
6203,0,2026-04-29,pup_admin,app_access_grant_category,2.local postman,0,1,e3ba672ba268bcdf1dcf511ffdc6ab6ee3abafa7
6204,0,2026-04-29,pup_admin,app_type,2.local postman,global_state_metrics_per_app,1,0ed6496f6d14125a4bfd4f2e00046b6566a6e3f4
6205,0,2026-04-29,pup_admin,app_group_timestamp,2.local postman,2026-05-05T08:23:55,1,cc4c1a09e2e23b5c21a6d2012550f30472ca0642
6206,0,2026-04-29,pup_admin,app_id,2.local postman,2,1,88896e99734e92fe2d485c075fa5e3bb2cd4ee4c
6207,0,2026-04-29,pup_admin,app_name,2.local postman,local postman,1,53c18ff4f6bf62baabb88e62c6acb8a6db4a0e83
6208,0,2026-04-29,pup_admin,app_created,2.local postman,2026-04-27T21:42:08,1,b277c0d013a8b78cb8b0aa399a9199f15f4ad775
6209,0,2026-04-29,pup_admin,app_updated,2.local postman,2026-04-29T20:25:02,1,18dd8d88a545ad6340eddead7bf0baafd04ae3ce
6210,0,2026-04-29,pup_admin,app_active,2.local postman,True,1,681707ecb145ee006ec0ee2838ffca0adece1591
6211,0,2026-04-29,pup_admin,app_first_active,2.local postman,2026-04-29T12:32:17,1,8f7e60a3ae1ba6c6a629341f3f653ec6f224f133
6212,0,2026-04-29,pup_admin,app_last_active,2.local postman,2026-04-29T20:25:02,1,56e23960ea6d41731d88a7c42d7729f6b5ccb0bb
6213,0,2026-04-29,pup_admin,app_data_access_type,2.local postman,THIRTEEN_MONTH,1,e3b52f3b84ac0cfd0578968d646bddc6753b8fab
6214,0,2026-04-29,pup_admin,app_internal_application_labels,2.local postman,,1,cd449c0fbb5591ff30acffb8754f9387d9bc1e48
6215,0,2026-04-29,pup_admin,app_require_demographic_scopes,2.local postman,True,1,e860277a0cc091f20f8a62e6e6146a6f6bb4229d
6216,0,2026-04-29,pup_admin,app_real_bene_cnt,2.local postman,0,1,690b0be1e13176e941a65c99615b0aa92266ab84
6217,0,2026-04-29,pup_admin,app_synth_bene_cnt,2.local postman,7,1,d23bb9dd968bc387c6bcf1f98b5ae6760dafd9cc
6218,0,2026-04-29,pup_admin,app_grant_real_bene_count,2.local postman,0,1,e3a7e93070c66a3fd1b94523cc36daba643983e8
6219,0,2026-04-29,pup_admin,app_grant_synthetic_bene_count,2.local postman,7,1,06593c64623e95b976003ab1821e5d0b9d1e778e
6220,0,2026-04-29,pup_admin,app_grant_table_count,2.local postman,7,1,b809459e2c0e8e8d06aa715db4817a9304693e2c
6221,0,2026-04-29,pup_admin,app_grant_archived_table_count,2.local postman,0,1,c3d5c3fc50ec94a60d2744a87fa14acfcdc558df
6222,0,2026-04-29,pup_admin,app_grantarchived_real_bene_deduped_count,2.local postman,0,1,6264f2e7af76b71040db92b2d7c560b0a7504a4e
6223,0,2026-04-29,pup_admin,app_grantarchived_synthetic_bene_deduped_count,2.local postman,0,1,886ea44546c958ea79d1e1d418f9143fda9f991f
6224,0,2026-04-29,pup_admin,app_grant_and_archived_real_bene_deduped_count,2.local postman,0,1,cca4f3b469da4aad3a0d0e4fd9356fd827e07c46
6225,0,2026-04-29,pup_admin,app_grant_and_archived_synthetic_bene_deduped_count,2.local postman,7,1,2d79236e9792c762647cdba43d737fc6fac958e9
6226,0,2026-04-29,pup_admin,app_token_real_bene_count,2.local postman,0,1,75938c053189a8c50e65aad92d844f2cd97586a8
6227,0,2026-04-29,pup_admin,app_token_synthetic_bene_count,2.local postman,7,1,61c7d3459fb9e18fe737a431eb21247e6de73eae
6228,0,2026-04-29,pup_admin,app_token_table_count,2.local postman,9,1,a7c29a8a2b2d60cafc66b81a7d85e1a0916952ed
6229,0,2026-04-29,pup_admin,app_token_archived_table_count,2.local postman,5,1,a36fa76d61b18ce80a4cae556019fafc5c81198b
6230,0,2026-04-29,pup_admin,app_user_id,2.local postman,1,1,4c7378626ba32dfe9354c7a0d88f968b619c6878
6231,0,2026-04-29,pup_admin,app_user_username,2.local postman,root,1,9788655cc956b99fd745bc5009578588c5b9a80c
6232,0,2026-04-29,pup_admin,app_user_date_joined,2.local postman,2026-04-24T14:44:25,1,e25b93ad0eeb8a26820f8a1db4fb38e48ce05722
6233,0,2026-04-29,pup_admin,app_user_last_login,2.local postman,2026-04-30T18:43:38,1,9bbe1c4833e14b28a057487dc24ed90dca68e04c
6234,0,2026-04-29,pup_admin,app_user_organization,2.local postman,,1,ae686aa3b8b784e2639a44cd63bb09e458cd565f
6235,0,2026-04-29,pup_admin,app_user_limit_data_access,2.local postman,True,1,56c5aae4a5a293510bad146035b56990eee9bc4a
6236,0,2026-04-29,pup_admin,app_active_bene_cnt_gt25,,0,1,d9771477ed83ef1c2cc0fee1586e4d57c1fe6caf
6237,0,2026-04-29,pup_admin,app_active_bene_cnt_le25,,1,1,306aaee6efd3d5767b9eec6375fe1e9631ed3fcc
6238,0,2026-04-29,pup_admin,app_all,,1,1,fda75bdccd4e6e7bd6e161ead5025cb8a4ef1837
6239,1778073621,2026-04-29,pup_admin,app_authorize_initial_count,1.TestApp,6,1,2320e045783edd6c5bc793f17bca8b2489bf6634
6240,1778073621,2026-04-29,pup_admin,app_medicare_login_redirect_ok_count,1.TestApp,2,1,6b30ae53ae8653c6a437c7a96ca6dc7891e20eac
6241,1778073621,2026-04-29,pup_admin,app_authentication_start_ok_count,1.TestApp,2,1,c988085d2d6efa368a126459aca8235e3dc7345b
6242,1778073621,2026-04-29,pup_admin,app_authentication_matched_new_bene_synthetic_count,1.TestApp,2,1,7ccfa5bce685ca83a8b16e279dd10cecf4242047
6243,1778073621,2026-04-29,pup_admin,app_sls_callback_ok_synthetic_count,1.TestApp,2,1,403efc61b7ff813862ac55f9ab972c15a54e552f
6244,1778073621,2026-04-29,pup_admin,app_approval_view_get_ok_synthetic_count,1.TestApp,2,1,02d082f97886278b6431fb542d396b6228690bda
6245,1778073621,2026-04-29,pup_admin,app_auth_ok_synthetic_bene_count,1.TestApp,2,1,bd215d1d87ff35cecd98ff6db7e66ae5ea772fd5
6246,1778073621,2026-04-29,pup_admin,app_auth_demoscope_required_choice_sharing_synthetic_bene_count,1.TestApp,2,1,b75feb8c4d6918c89752cb9c6e7e4ae04780f4ad
6247,1778073621,2026-04-29,pup_admin,app_approval_view_post_ok_synthetic_count,1.TestApp,2,1,90dc1582cef6fb0cb967e41eab140478d7431426
6248,1778073621,2026-04-29,pup_admin,app_token_authorization_code_for_synthetic_bene_count,1.TestApp,2,1,56df8444dffe8ebb4d38a7677a1b6a51cdee777c
6249,1778073621,2026-04-29,pup_admin,app_fhir_v2_call_synthetic_count,1.TestApp,3,1,c6a8e7bf57a6693a15e25b8f6a29e8aacdec39fd
6250,1778073621,2026-04-29,pup_admin,app_fhir_v2_eob_call_synthetic_count,1.TestApp,1,1,8b4823124076d3a2dd7b7bf0bdcc4da997039188
6251,1778073621,2026-04-29,pup_admin,app_fhir_v2_patient_call_synthetic_count,1.TestApp,1,1,e9f834af2a1c8ca92d6216f9d654f2d19d9e65f6
6252,1778073621,2026-04-29,pup_admin,app_fhir_v2_coverage_call_synthetic_count,1.TestApp,1,1,77464ddb8795fd02dc3d51884166289c8367e3d5
6253,1778073621,2026-04-29,pup_admin,app_fhir_v3_call_synthetic_count,1.TestApp,3,1,200476ec7f7cdb85fc05c17ff97b741340633c31
6254,1778073621,2026-04-29,pup_admin,app_fhir_v3_eob_call_synthetic_count,1.TestApp,1,1,923b50a01c74e2cd3ba5881d09eee0ffdf7cfe84
6255,1778073621,2026-04-29,pup_admin,app_fhir_v3_patient_call_synthetic_count,1.TestApp,1,1,d60f576a2b697de291776f6967d784121c560a54
6256,1778073621,2026-04-29,pup_admin,app_fhir_v3_coverage_call_synthetic_count,1.TestApp,1,1,4c54db01cc620e1850ebe44c035d3cfec6a6bb94
6257,1778073621,2026-04-29,pup_admin,app_authorize_initial_count,2.local postman,12,1,0d2501ac02c2e28f2e24576b66baae8d2f78938b
6258,1778073621,2026-04-29,pup_admin,app_medicare_login_redirect_ok_count,2.local postman,4,1,1323b451ad1a2221e4601dc847a3759f7446b886
6259,1778073621,2026-04-29,pup_admin,app_authentication_start_ok_count,2.local postman,4,1,452b22a34e98d5d43ddb020904000f41155c732e
6260,1778073621,2026-04-29,pup_admin,app_authentication_matched_new_bene_synthetic_count,2.local postman,4,1,1146b400ce66d3cb1080cc10c483fa1e9118fee2
6261,1778073621,2026-04-29,pup_admin,app_sls_callback_ok_synthetic_count,2.local postman,4,1,00039c0e121eff60ff73c687f33320abe27f7a99
6262,1778073621,2026-04-29,pup_admin,app_approval_view_get_ok_synthetic_count,2.local postman,4,1,09cf26361ddf88a96eeeeae91a668123af2cd59d
6263,1778073621,2026-04-29,pup_admin,app_auth_ok_synthetic_bene_count,2.local postman,4,1,548e04333f3def77f366503a584326137fe263cb
6264,1778073621,2026-04-29,pup_admin,app_auth_demoscope_required_choice_sharing_synthetic_bene_count,2.local postman,4,1,59bc36fb0db8b416b355a470600af947b32e228f
6265,1778073621,2026-04-29,pup_admin,app_approval_view_post_ok_synthetic_count,2.local postman,4,1,bda77bf887b1bdf8e28d5e20f0c225884e46091a
6266,1778073621,2026-04-29,pup_admin,app_token_authorization_code_for_synthetic_bene_count,2.local postman,4,1,e88b242d7d8ed540117426b27c90a3c7618662ab
6267,1778073621,2026-04-29,pup_admin,app_token_authorization_code_2xx_count,2.local postman,4,1,90e893ea17c28c91c14755e29bfcc730ebb550e5
6268,1778073621,2026-04-29,pup_admin,app_token_refresh_response_2xx_count,2.local postman,2,1,8ff8f76142226ca891ab47185df17dca7fdc2484
6269,1778073621,2026-04-29,pup_admin,app_fhir_v3_call_synthetic_count,2.local postman,12,1,6d8e77d1bfef75304fcf2afbda0c7e4106cb5c11
6270,1778073621,2026-04-29,pup_admin,app_fhir_v3_eob_call_synthetic_count,2.local postman,2,1,0b0b8f73181d755bb25cfab368bda28326854641
6271,1778073621,2026-04-29,pup_admin,app_fhir_v2_call_synthetic_count,2.local postman,13,1,16bc84b8c38ca40b7471cf21a108c63130a10367
6272,1778073621,2026-04-29,pup_admin,app_fhir_v2_eob_call_synthetic_count,2.local postman,9,1,e7957c3f6d82266a7a2a511a12b7ce24212cb743
6273,1778073621,2026-04-29,pup_admin,app_fhir_v1_call_synthetic_count,2.local postman,8,1,c7bf3790c110bbef9942e9c5429c2e48313a6d08
6274,1778073621,2026-04-29,pup_admin,app_fhir_v1_eob_call_synthetic_count,2.local postman,6,1,7aa26091d50932fa59a14cef5b417044ddb8a25a
6275,1778073621,2026-04-29,pup_admin,app_fhir_v2_coverage_call_synthetic_count,2.local postman,3,1,7e8b92bc800cfd8021ace0b0757b7927bd32858b
6276,1778073621,2026-04-29,pup_admin,app_fhir_v3_coverage_call_synthetic_count,2.local postman,4,1,3f3819694c9957b027deb6b770ae186743f00bad
6277,1778073621,2026-04-29,pup_admin,app_fhir_v1_coverage_call_synthetic_count,2.local postman,1,1,73a4946fe647d791482f2af945274a74eaf96deb
6278,1778073621,2026-04-29,pup_admin,app_fhir_v1_patient_call_synthetic_count,2.local postman,1,1,c7531caae825ebdfbd79982b16726e2da8ab5d2d
6279,1778073621,2026-04-29,pup_admin,app_fhir_v2_patient_call_synthetic_count,2.local postman,1,1,70fcf01468759a07f6b692240ffc5b223e8e6d82
6280,1778073621,2026-04-29,pup_admin,app_fhir_v3_patient_call_synthetic_count,2.local postman,6,1,fe51fe7cb88dddae0f3ab73e1dc80fa9cebb3995
6281,1778074086,2026-04-29,pup_admin,fhir_v1_patient_call_synthetic_count,,1,1,be15609d2fe89755aa6a3b3bfc85dde37c17796f
6282,1778074086,2026-04-29,pup_admin,fhir_v1_coverage_call_synthetic_count,,1,1,61327a10eab07130dafffc179097c729cf80bc92
6283,1778074086,2026-04-29,pup_admin,fhir_v1_eob_call_synthetic_count,,6,1,b22e5ac04af609b8ada2e9d2c901104f1d772cc2
6284,1778074086,2026-04-29,pup_admin,fhir_v1_call_synthetic_count,,8,1,bea7972c7c6985eacaf33c1c74804a1c81edf8fc
6285,1778074086,2026-04-29,pup_admin,fhir_v1_patient_call_real_count,,0,1,06483d68e006634b344b8e58fdb5176aa4c2e335
6286,1778074086,2026-04-29,pup_admin,fhir_v1_coverage_call_real_count,,0,1,56428ea3f594f7049e898307faaa5f4d8fd85e83
6287,1778074086,2026-04-29,pup_admin,fhir_v1_eob_call_real_count,,0,1,d30a5f3b194f11a1997d421ad195c818d8308f1d
6288,1778074086,2026-04-29,pup_admin,fhir_v1_call_real_count,,0,1,a0621bfc0e2ed4e54f1c88cc684dc5579ada65b0
6289,1778074086,2026-04-29,pup_admin,fhir_v1_metadata_call_count,,0,1,faf4ba5dd157846d2bcf14cbea9fb55b3f414459
6290,1778074086,2026-04-29,pup_admin,fhir_v1_coverage_since_call_synthetic_count,,0,1,94192255fa86c3785133373cb46c301eb293a946
6291,1778074086,2026-04-29,pup_admin,fhir_v1_coverage_since_call_real_count,,0,1,b7db2b52934dd4c78e9f2162ffc3b566a3a9627f
6292,1778074086,2026-04-29,pup_admin,fhir_v1_eob_since_call_synthetic_count,,0,1,62fc7783da20509de48b8affc8b4795ef1bff645
6293,1778074086,2026-04-29,pup_admin,fhir_v1_eob_since_call_real_count,,0,1,bd26462a1ddbb4219d7d1d576a02740fea8a2b4d
6294,1778074086,2026-04-29,pup_admin,fhir_v2_patient_call_synthetic_count,,2,1,619fe94cc910efab5e814425ca418bc366b49984
6295,1778074086,2026-04-29,pup_admin,fhir_v2_coverage_call_synthetic_count,,4,1,42c8a60fc35e164bd1bd81b8bde5142a4d685fa7
6296,1778074086,2026-04-29,pup_admin,fhir_v2_eob_call_synthetic_count,,10,1,9b6fd0d4b8ae51dc5c87105615d5195d8571537d
6297,1778074086,2026-04-29,pup_admin,fhir_v2_call_synthetic_count,,16,1,245260a1053c8ce406ac68825215fafac7f54c52
6298,1778074086,2026-04-29,pup_admin,fhir_v2_patient_call_real_count,,0,1,f8744daa8cf67c08f55ba6a32b8de8dd7ea12fc1
6299,1778074086,2026-04-29,pup_admin,fhir_v2_coverage_call_real_count,,0,1,cafc760f1a95ff45a3010e2f8bc96f88e1bdd2bc
6300,1778074086,2026-04-29,pup_admin,fhir_v2_eob_call_real_count,,0,1,b4049915f4317aa38004905791ea79b91c185050
6301,1778074086,2026-04-29,pup_admin,fhir_v2_call_real_count,,0,1,0a0d14663a0140879302e5b8201e4ec946d2cf8d
6302,1778074086,2026-04-29,pup_admin,fhir_v2_metadata_call_count,,0,1,cd83e26b818a8f38d56f573d603b3d9d8f75192e
6303,1778074086,2026-04-29,pup_admin,fhir_v2_coverage_since_call_synthetic_count,,0,1,a18bd2a2a9a28cc96b13558d4eadf37a37796731
6304,1778074086,2026-04-29,pup_admin,fhir_v2_coverage_since_call_real_count,,0,1,b63bae7980d5b03092b88bc773f06e0985fc6dfc
6305,1778074086,2026-04-29,pup_admin,fhir_v2_eob_since_call_synthetic_count,,0,1,47198e27fa03ed4cfb7f972ce9274912fba58e65
6306,1778074086,2026-04-29,pup_admin,fhir_v2_eob_since_call_real_count,,0,1,2c35b642b42212f9ef89e116315b36e9448338ac
6307,1778074086,2026-04-29,pup_admin,fhir_v3_generate_insurance_card_call_synthetic_count,,0,1,99b379fbc423155f35de833351ab8b2b94f06640
6308,1778074086,2026-04-29,pup_admin,fhir_v3_patient_call_synthetic_count,,7,1,6950eed61dd931adaed6463665f28f4a937e8a1a
6309,1778074086,2026-04-29,pup_admin,fhir_v3_coverage_call_synthetic_count,,5,1,5265aec23eb5babc262d7201b95803eccd715564
6310,1778074086,2026-04-29,pup_admin,fhir_v3_eob_call_synthetic_count,,3,1,4ab9a2c3640eaba4b927e65932f7c81d51d8aaa6
6311,1778074086,2026-04-29,pup_admin,fhir_v3_call_synthetic_count,,15,1,25799f593b3219621fdd0ec4724baa63bebd4421
6312,1778074086,2026-04-29,pup_admin,fhir_v3_generate_insurance_card_call_real_count,,0,1,3ca9367ff698679feafaf551cf179046715d8ee6
6313,1778074086,2026-04-29,pup_admin,fhir_v3_patient_call_real_count,,0,1,6d5e4e49d3ca9f5ac0ae1b703565d39868ac3e92
6314,1778074086,2026-04-29,pup_admin,fhir_v3_coverage_call_real_count,,0,1,2a1614df9b9a1136432dfeff759d34a00e757eeb
6315,1778074086,2026-04-29,pup_admin,fhir_v3_eob_call_real_count,,0,1,9d7958b1fe49fed86f6ce8f688ad303d284d870e
6316,1778074086,2026-04-29,pup_admin,fhir_v3_call_real_count,,0,1,2aa940d53bfd9aae68705bdaa219ad798847d015
6317,1778074086,2026-04-29,pup_admin,fhir_v3_metadata_call_count,,0,1,044a462ec58dcf519f79b1116c44ca81cbb29541
6318,1778074086,2026-04-29,pup_admin,fhir_v3_coverage_since_call_synthetic_count,,0,1,bf2095f783d50111c54e721f0ffcc4044a0d3178
6319,1778074086,2026-04-29,pup_admin,fhir_v3_coverage_since_call_real_count,,0,1,201ad054c6ec0d6f83a89a612672afcc776e010d
6320,1778074086,2026-04-29,pup_admin,fhir_v3_eob_since_call_synthetic_count,,0,1,48a9f84e3e83d014b0fb56754c00c4328205ff2a
6321,1778074086,2026-04-29,pup_admin,fhir_v3_eob_since_call_real_count,,0,1,346b65bc3ada7f02c71d1d2885f0580572cc5f8a
6322,1778074086,2026-04-29,pup_admin,auth_v1_v2_user_makes_it_to_permission_screen_bene_count,,0,1,2734dddea796e368c975c18113b791e1e503d4a7
6323,1778074086,2026-04-29,pup_admin,auth_v1_v2_user_clicks_connect_bene_count,,0,1,8cd853d7c79e9e38d9ac41082c43fd5df2f77f49
6324,1778074086,2026-04-29,pup_admin,auth_v3_user_makes_it_to_permission_screen_bene_count,,0,1,713a999853853e70cea7c62f254415a321d94be3
6325,1778074086,2026-04-29,pup_admin,auth_v3_user_clicks_connect_bene_count,,0,1,a5d8222cf6683d4ea7085b0dd9ac6d0ef0f999b6
